EMAIL;NOME;CATEGORIA;ANGULO;NICHO;SEGUIDORES;PLATAFORMA;REDE_SOCIAL;MERCADO;LISTA
contato@anmtv.com.br;ANMTV;WEBTOON/MANGA;Enviar nota de lançamento do universo gratuito com webtoon, RPG e OST, com foco em anime-inspired brasileiro.;Anime, mangá, tokusatsu, animação, games e cultura oriental;≈100K+ nas redes;Site / Redes sociais;@ANMTV;BR;anime_webtoon
contato@bibliotecaquadrinhos.com.br;Biblioteca Dos Quadrinhos;WEBTOON/MANGA;Inclusão da webtoon no catálogo de recomendações semanais de obras independentes;Webtoon / manga / manhwa / manhua;≈10K;Carrd;@biblioquadrinhos;BR;anime_webtoon
contato@brnojapaocast.com;Brasileiro no Japão Cast;WEBTOON/MANGA;Large community bilingual PT/JP, anime culture overlap action webtoon;Brazilian Diaspora, Japan, Otaku;95K;Podcast;@brnojapaocast;BR;anime_webtoon
contato@centralmangas.com.br;Central Mangas;WEBTOON/MANGA;Manga and manhwa community;Portuguese;approx 50K;Portal;@centralmangas;BR;anime_webtoon
contato@chunan.com.br;Chunan;WEBTOON/MANGA;Manga culture, webcomics, and indies;Portuguese;approx 20K;Website / Blog;@chunanoficial;BR;anime_webtoon
contato@culturaotaku.com.br;Cultura Otaku BR;WEBTOON/MANGA;Dica de leitura para quem terminou um manhwa famoso e procura um novo universo de ação;Anime, otaku, geek, pop culture;≈21K;Beacons;@culturaotakubr;BR;anime_webtoon
contato@hqcrossover.com.br;HQ Crossover;WEBTOON/MANGA;Destaque para o crossover de mídias que compõe a experiência rica do universo criado;Webtoon / manga / manhwa / manhua;≈14K;Beacons;@hqcrossover;BR;anime_webtoon
contato@hqzona.com.br;HQ Zona;WEBTOON/MANGA;Foco no modelo de webcomic vertical gratuita e no engajamento da comunidade;Webtoon / manga / manhwa / manhua;≈12K;Linktree;@hqzona;BR;anime_webtoon
contato@kamisamaexplorer.com.br;Kami Sama Explorer;WEBTOON/MANGA;Anime news, manga, and streaming;Portuguese;approx 180K;YouTube / Portal;@kamisamaexp;BR;anime_webtoon
contato@mangadodia.com;Manga do Dia;WEBTOON/MANGA;O webtoon de Illusion Fight é uma aventura épica gratuita. Seria um prazer ver seu canal comentando sobre o universo e a conexão com o RPG e a trilha sonora.;Mangá;≈9.500;YouTube;@mangadodia;BR;anime_webtoon
parcerias@mangacosmico.com.br;Mangá Cósmico;WEBTOON/MANGA;Sugestão de leitura rápida e gratuita com artes ricas inspiradas em manhwas de ação;Webtoon / manga / manhwa / manhua;≈9K;Carrd;@mangacosmico;BR;anime_webtoon
contato@mangaoh.com.br;Mangá e Outras Histórias;WEBTOON/MANGA;Review focado nas influências de mangás clássicos de ação presentes na narrativa de Illusion Fight;Webtoon / manga / manhwa / manhua;≈7K;Carrd;@manga_oh;BR;anime_webtoon
contato@mangainside.com.br;Mangá Inside;WEBTOON/MANGA;Dica de leitura de webtoon nacional com qualidade internacional e trilha inclusa;Webtoon / manga / manhwa / manhua;≈12K;Bio.link;@mangainside_br;BR;anime_webtoon
contato@mangaterapia.com.br;Mangá Terapia;WEBTOON/MANGA;Recomendação para leitores que gostam de histórias de superação, facções e lutas intensas;Webtoon / manga / manhwa / manhua;≈16K;Bio.link;@mangaterapia;BR;anime_webtoon
contato@mangatotal.com.br;Mangá Total;WEBTOON/MANGA;Sugestão de leitura para o feed/stories focada nas melhores cenas de combate da webtoon;Webtoon / manga / manhwa / manhua;≈33K;Carrd;@mangatotal_oficial;BR;anime_webtoon
contato@mangavibe.com.br;Mangá Vibe;WEBTOON/MANGA;Recomendação visual focada na arte de ação e no dinamismo dos quadros da webtoon;Webtoon / manga / manhwa / manhua;≈38K;Carrd;@mangavibe_br;BR;anime_webtoon
contato@mangazone.com.br;Mangá Zone BR;WEBTOON/MANGA;Chamada para leitores habituados com o formato de leitura vertical digital rápida e gratuita;Webtoon / manga / manhwa / manhua;≈42K;Beacons;@mangazone_br;BR;anime_webtoon
contato@metaforavisual.com.br;Metáfora Visual;WEBTOON/MANGA;Análise da narrativa visual e design de personagens da webtoon Illusion Fight;Webtoon / manga / manhwa / manhua;≈8K;Carrd;@metaforavisual;BR;anime_webtoon
contato@mundodosquadrinhos.com;Mundo Dos Quadrinhos;WEBTOON/MANGA;Divulgação da webtoon como um exemplo de produção independente com expansão transmídia;Webtoon / manga / manhwa / manhua;≈11K;Bio.link;@mundodosqds;BR;anime_webtoon
contato@mundomanga.com.br;Mundo Mangá;WEBTOON/MANGA;Recomendação direta da webtoon gratuita para fãs de shonen de ação e lutas táticas;Webtoon / manga / manhwa / manhua;≈12K;Beacons;@mundomanga_br;BR;anime_webtoon
contato@nerdizela.com.br;Nerdizela;WEBTOON/MANGA;Universo de ação e fantasia ideal para leitores de mangá, manhwa e quadrinhos independentes;Anime, otaku, geek, pop culture;≈18K;Bio.link;@nerdizela;BR;anime_webtoon
contato@planetadublagem.com.br;Planeta Dublagem;WEBTOON/MANGA;Anime production & sound;Portuguese;approx 32K;Linktree;@PlanetaDublagem;BR;anime_webtoon
contato@planetaotaku.com.br;Planeta Otaku;WEBTOON/MANGA;Foco no lançamento da trilha sonora de 36 faixas integrada à leitura da webtoon;Anime, otaku, geek, pop culture;≈27K;Carrd;@planetaotaku_br;BR;anime_webtoon
contato@quadrinheiros.com.br;Quadrinheiros;WEBTOON/MANGA;Comic book culture & essays;Portuguese;approx 20K;Carrd;@Quadrinheiros;BR;anime_webtoon
contato@quadrinhoseafins.com.br;Quadrinhos e Afins;WEBTOON/MANGA;Análise comparativa da estrutura da webtoon em relação aos quadrinhos ocidentais e orientais;Webtoon / manga / manhwa / manhua;≈19K;Bio.link;@quadrinhoseafins;BR;anime_webtoon
contato@quadrinhosinc.com.br;Quadrinhos Inc;WEBTOON/MANGA;Apresentação do formato inovador de leitura vertical atrelado a um ecossistema de RPG;Webtoon / manga / manhwa / manhua;≈17K;Linktree;@quadrinhosinc;BR;anime_webtoon
contato@quadrinhosind.com;Quadrinhos Independentes;WEBTOON/MANGA;Illusion Fight é um webtoon independente com universo expansivo. Seria ótimo ter sua opinião sobre o traço e a narrativa em seu canal.;Quadrinhos Indie;≈6.200;YouTube;@quadrinhosind;BR;anime_webtoon
contato@raiolaser.com.br;Raio Laser;WEBTOON/MANGA;Enviar o webtoon gratuito e destacar a obra como quadrinho digital brasileiro de ação;Quadrinhos, webcomics, ilustração;≈10K;Site;@raiolaser;BR;anime_webtoon
contato@totalanime.com.br;Total Anime;WEBTOON/MANGA;Enviar o webtoon e livros como obra brasileira de ação inspirada em shonen;Anime, mangá, cultura otaku;≈50K;Site / Redes sociais;@totalanimebr;BR;anime_webtoon
contato@universodosmanhwas.com;Universo Dos Manhwas;WEBTOON/MANGA;"Foco total no público focado em Solo Leveling e similares; apresentação do herói de Illusion Fight";Webtoon / manga / manhwa / manhua;≈45K;Carrd;@universodosmanhwas;BR;anime_webtoon
contato@webtoonbr.com.br;WebtoonBR Oficial;WEBTOON/MANGA;Illusion Fight é um universo de ação em webtoon, com arte dinâmica e história envolvente. A série é gratuita e queremos apresentar a você para possível resenha.;Webtoon;≈15.000;YouTube;@webtoonbr;BR;anime_webtoon
contato@almanaquelliterario.com.br;Almanaque Literário;;Abordar Illusion Fight como ficção especulativa brasileira gratuita com expansão transmídia;Literatura especulativa, fantasia;≈1K-10K;Site / Instagram;;BR;book_tube
contato@anacristinarodrigues.com.br;Ana Cristina Rodrigues;;Abordar a construcao de mundo transmidia e a publicacao digital gratuita de livros de acao;Escritores e roteiristas de ficcao cientifica e fantasia brasileira;3K;Website;;BR;book_tube
contato@bibliotecadefantasia.com;Biblioteca de Fantasia;;Resenha focada na profundidade do mundo escrito e na acessibilidade dos livros digitais;Fantasy, SFF, light novel, web novel;≈14K;Linktree;;BR;book_tube
contato@brazucaeuacast.com;Brasileiro nos EUA Cast;;US-based Brazilian creators, free dark fantasy novel + webtoon tie-in;Brazilian Diaspora, SFF Books;40K;Podcast;;BR;book_tube
contato@cronicasdefantasia.com.br;Crônicas de Fantasia;;Resenha focada no desenvolvimento dos personagens principais e nas intrigas políticas do mundo;Fantasy, SFF, light novel, web novel;≈7K;Linktree;;BR;book_tube
contato@estantefantastica.com.br;Estante Fantástica;;Destaque para a facilidade de ler a série de livros gratuitamente em qualquer dispositivo;Fantasy, SFF, light novel, web novel;≈8K;Linktree;;BR;book_tube
contato@estantegeeksff.com.br;Estante Geek SFF;;Resenha focada na ambientação e worldbuilding detalhado das facções em conflito;Fantasy, SFF, light novel, web novel;≈6K;Bio.link;;BR;book_tube
contato@estantesff.com.br;Estante SFF;;Pitch de resenha literária destacando a fusão de literatura com trilha sonora oficial;Fantasy, SFF, light novel, web novel;≈3K;Linktree;;BR;book_tube
contato@fantasiaef.com;Fantasia & Ficção;;O livro de Illusion Fight é uma fantasia épica gratuita. Queremos que você faça uma resenha sobre a história e o mundo criado.;Livros Fantasia;≈8.900;Blog;;BR;book_tube
contato@ficcaocientificabr.com;Ficção Científica BR;;Análise da série de livros de ficção e fantasia integrados ao ecossistema do jogo;Fantasy, SFF, light novel, web novel;≈11K;Carrd;;BR;book_tube
contato@leitorcabuloso.com.br;Leitor Cabuloso;;SFF book reviews & audiobooks;Portuguese;approx 30K;Linktree;;BR;book_tube
contato@leitoresdefantasia.com.br;Leitores de Fantasia;;Indicação de livros de fantasia com ritmo acelerado de shonen e combates marcantes;Fantasy, SFF, light novel, web novel;≈16K;Linktree;;BR;book_tube
contato@leituranerd.com.br;Leitura Nerd;;Resenha cruzada avaliando o livro e como a webtoon traduz visualmente o enredo;Fantasy, SFF, light novel, web novel;≈13K;Beacons;;BR;book_tube
isabella@lerantesdemorrer.com;Ler Antes de Morrer;;Literary analysis and book reviews;Portuguese;approx 500K;YouTube;;BR;book_tube
contato@mundolivrosdigitais.com;Mundo Dos Livros Digitais;;Foco na facilidade da distribuição sem DRM e gratuita diretamente pelo site do autor;Fantasy, SFF, light novel, web novel;≈9K;Linktree;;BR;book_tube
contato@mundolivrossff.com;Mundo dos Livros SFF;;Resenha focada na jornada literária e na conexão com a arte visual da webtoon;Fantasy, SFF, light novel, web novel;≈5K;Linktree;;BR;book_tube
contato@nerdliterario.com.br;Nerd Literário;;Oferecer a série de livros gratuita e o worldbuilding do universo Illusion Fight;Literatura, fantasia, ficção científica;≈1K-10K;YouTube / Blog;;BR;book_tube
contato@portalsff.com.br;Portal SFF Brasil;;Análise detalhada do sistema de magia e lore político construído na série literária;Fantasy, SFF, light novel, web novel;≈6K;Beacons;;BR;book_tube
contato@sffbookclub.com.br;SFF Book Club BR;;Proposta de inclusão do livro na lista de leituras de ficção especulativa independente;Fantasy, SFF, light novel, web novel;≈4K;Linktree;;BR;book_tube
contato@tavernadoelfo.com.br;Taverna do Elfo Livros;;Crítica literária da série focando no público jovem adulto apaixonado por mundos ricos;Fantasy, SFF, light novel, web novel;≈6K;Linktree;;BR;book_tube
contato@universoarcano.com.br;Universo Arcano;;Apresentação do projeto para leitores que buscam fantasia épica com suporte visual;Fantasy, SFF, light novel, web novel;≈4K;Carrd;;BR;book_tube
contato@universosff.com.br;Universo SFF Literário;;Foco na profundidade da lore e na construção de um universo rico ao longo de 23 anos;Fantasy, SFF, light novel, web novel;≈7K;Linktree;;BR;book_tube
comercial@nautilus.link;;;Indie game analysis;Portuguese;;;;BR;games_digital_rpg
contato@canalnautilus.com.br;;;Pitchar o RPG tático gratuito e o universo transmídia para audiência de táticos e indies.;RPG tático, estratégia, indies;;;;BR;games_digital_rpg
contato@forumrpgbrasil.com.br;;;Divulgação para a comunidade que joga sistemas táticos baseados em grids e mapas;Tabletop RPG, TRPG, actual-play;;;;BR;games_digital_rpg
contato@gamecastbrasil.com.br;;;Pitchar o RPG tático gratuito com DNA de JRPG/anime e trilha de 36 faixas para um bate-papo ou indicação no podcast.;Games, indies e JRPGs;;;;BR;games_digital_rpg
contato@gamerantigo.com.br;;;Apelo nostálgico dos RPGs táticos clássicos repensados em um formato transmídia moderno;Tactical RPG, JRPG, SRPG, strategy;;;;BR;games_digital_rpg
contato@gamerbr.io;;;Foco no RPG tático hex-grid gratuito feito por um desenvolvedor solo brasileiro;Tactical RPG, indie game communities;;;;BR;games_digital_rpg
contato@gamerclubsp.com.br;;;Foco na comunidade de jogadores paulistas apaixonados por estratégia e RPGs de nicho;Indie game press, blogs, newsletters;;;;BR;games_digital_rpg
contato@gamercomovoce.com.br;;;Indie game reviews;Portuguese;;;;BR;games_digital_rpg
contato@gamercult.com.br;;;Discussão sobre a evolução do gênero tático e como Illusion Fight se encaixa como indie grátis;Tactical RPG, JRPG, SRPG, strategy;;;;BR;games_digital_rpg
contato@gamerderespeito.com;;;Dica de jogo tático leve, acessível e com forte apelo para fãs de enredos complexos;Tactical RPG, JRPG, SRPG, strategy;;;;BR;games_digital_rpg
contato@gamerhubrio.com.br;;;Divulgação focada no público gamer regional do Sudeste com interesse em jogos indie;Indie game press, blogs, newsletters;;;;BR;games_digital_rpg
contato@gamerinside.com.br;;;Entrevista com foco no processo de desenvolvimento solo de 23 anos e distribuição gratuita;Indie game press, blogs, newsletters;;;;BR;games_digital_rpg
contato@gamernation.com.br;;;Review completo focado nas mecânicas táticas e no tempo de desenvolvimento investido;Indie game press, blogs, newsletters;;;;BR;games_digital_rpg
contato@gamerpro.com.br;;;Análise técnica do balanceamento e do grid hexagonal nas batalhas do jogo;Tactical RPG, JRPG, SRPG, strategy;;;;BR;games_digital_rpg
contato@garotasgeeks.com;;;Geek culture, games, and comics;Portuguese;;;;BR;games_digital_rpg
contato@indiebrgame.com.br;;;Destaque ao cenário de desenvolvimento independente nacional com foco no RPG tático;Indie game press, blogs, newsletters;;;;BR;games_digital_rpg
contato@indiegame.com.br;;;Enviar press release do RPG tático gratuito como jogo indie brasileiro com universo transmídia.;Jogos independentes, devs brasileiros e cena indie;;;;BR;games_digital_rpg
contato@indiegamedevbr.com.br;;;Análise do estudo de caso de marketing e persistência de um dev solo por 23 anos;General indie creator communities and niche press;;;;BR;games_digital_rpg
contato@ladoindie.com.br;;;Vitrine para jogos independentes com forte apelo narrativo e mecânicas de turno;Indie game press, blogs, newsletters;;;;BR;games_digital_rpg
contato@megascopio.com.br;;;Indie games, anime, and pop culture;Portuguese;;;;BR;games_digital_rpg
contato@mesaderpg.com.br;;;Enviar release do RPG tático em grid hexagonal gratuito, com webtoon, livros e OST, como pauta para o portal.;RPG, games e cultura pop;;;;BR;games_digital_rpg
contato@mundorpgmaker.com.br;;;Apresentar o RPG tático gratuito para uma comunidade de criadores de jogos brasileiros;Jogos indies, RPG Maker, comunidade de desenvolvimento;;;;BR;games_digital_rpg
contato@pixelartindie.com;;;Análise visual da pixel art e estética retrô de anime presente no jogo;Indie game press, blogs, newsletters;;;;BR;games_digital_rpg
contato@pizzafria.com.br;;;Indie games news and reviews;Portuguese;;;;BR;games_digital_rpg
contato@playerid.com.br;;;Indie game discovery and culture;Portuguese;;;;BR;games_digital_rpg
contato@podcastrpgbr.com;;;Illusion Fight é um RPG tático com universo em webtoon. Seu podcast seria o lugar perfeito para discutir o sistema de ação e a narrativa.;Cultura RPG;;;;BR;games_digital_rpg
contato@proximojogo.com.br;;;Oferecer o RPG tático gratuito como pauta para descoberta de jogos brasileiros;Games, indies, cultura gamer;;;;BR;games_digital_rpg
contato@rdrpg.com.br;;;Uso do lore das facções e da OST de 36 faixas como material para mestres de RPG;Tabletop RPG, TRPG, actual-play;;;;BR;games_digital_rpg
contato@regraoh.com.br;;;Propor pauta em audio sobre o design tatico de jogos de tabuleiro aplicado no digital;Newsletters e Substacks brasileiros de games, anime ou fantasia;;;;BR;games_digital_rpg
contato@retrogamerbrasil.com.br;;;Retro & strategy gaming;Portuguese;;;;BR;games_digital_rpg
contato@rpgdeturno.com.br;;;Destaque exclusivo para as mecânicas de turno e posicionamento estratégico no grid;Tactical RPG, JRPG, SRPG, strategy;;;;BR;games_digital_rpg
contato@tabernadobeholder.com.br;;;TTRPG worldbuilding;Portuguese;;;;BR;games_digital_rpg
contato@taticabr.com.br;;;A Illusion Fight é um RPG tático com 36 músicas e grid hexagonal. Achamos que seu público amaria o sistema de ações e a lore gratuita disponível.;Jogos de Estratégia;;;;BR;games_digital_rpg
contato@taticando.com;;;Vamos lançar Illusion Fight, um RPG tático em grid com sistema de ação. Sua comunidade de estratégia é perfeita para testar o jogo. Podemos enviar material exclusivo.;Jogos Táticos;;;;BR;games_digital_rpg
contato@tavernadeferro.com.br;;;Análise do mapa tático e da trilha sonora como ferramentas de imersão em campanhas;Tabletop RPG, TRPG, actual-play;;;;BR;games_digital_rpg
contato@tavernadorpgista.com.br;;;Gancho ligando a imersão da trilha sonora original com sessões de jogos de tabuleiro;Tabletop RPG, TRPG, actual-play;;;;BR;games_digital_rpg
contato@tavernajogosindie.com.br;;;Recomendação para download ou jogo direto via navegador do RPG tático;Indie game press, blogs, newsletters;;;;BR;games_digital_rpg
contato@tavernarpg.com.br;;;Gancho focado na criação de cenários táticos inspirados no design do jogo de tabuleiro/RPG;Tabletop RPG, TRPG, actual-play;;;;BR;games_digital_rpg
contato@tavernatatica.com.br;;;Gancho sobre mapas em grade hexagonal para inspirar campanhas caseiras de TTRPG;Tabletop RPG, TRPG, actual-play;;;;BR;games_digital_rpg
contato@ugigames.com.br;;;Review completo focado nos sistemas integrados de som, história e jogabilidade;Indie game press, blogs, newsletters;;;;BR;games_digital_rpg
contato@universorpg.com.br;;;Uso da mecânica de hexágonos e progressão de personagens como inspiração para mesas;Tabletop RPG, TRPG, actual-play;;;;BR;games_digital_rpg
fel@rpgnaweb.com.br;;;Olá! Estamos lançando Illusion Fight, um RPG tático gratuito com grid hexagonal e sistema de ação. Seu canal é referência para nós e gostaríamos de enviar uma chave antecipada para gameplay.;RPG Tático;;;;BR;games_digital_rpg
contato@boletimnerd.com;Boletim Nerd;;Enviar o webtoon de ação e destacar a possibilidade de entrevista sobre criação de universo brasileiro;Quadrinhos, cultura nerd;≈10K;Site / Podcast;;BR;imprensa_grande
contato@centralgeekbrasil.com.br;Central Geek Brasil;;Release multimídia completo cobrindo as quatro frentes do projeto Illusion Fight;Anime, otaku, geek, pop culture;≈55K;Linktree;;BR;imprensa_grande
contato@cinemascopebr.com.br;Cinemascope BR;;Pitchar pelo lado narrativo: universo seriado gratuito com trilha e visual de anime;Cinema, séries, cultura pop;≈50K;Site / YouTube;;BR;imprensa_grande
contato@culturageekbr.com;Cultura Geek BR;;Matéria cobrindo o lançamento conjunto de livro, quadrinho e jogo sem custo para o leitor;Anime, otaku, geek, pop culture;≈20K;Bio.link;;BR;imprensa_grande
contato@deliriumnerd.com.br;Delirium Nerd;;Pitchar Illusion Fight como IP brasileira gratuita com estética anime e múltiplas mídias;Cultura pop, cinema, animes;≈50K;Site / Redes sociais;;BR;imprensa_grande
contato@geekecia.com.br;Geek e Companhia;;Apresentação geral da plataforma illusionfight.com e facilidade de leitura online;Anime, otaku, geek, pop culture;≈12K;Linktree;;BR;imprensa_grande
contato@geeksensation.com.br;Geek Sensation;;Matéria de entretenimento cobrindo a trilha sonora e os momentos mais marcantes da história;Anime, otaku, geek, pop culture;≈18K;Linktree;;BR;imprensa_grande
contato@popfantasia.com.br;Kao Tokyo;;Pitch focado no mix de RPG tatico, webtoon e livros inspirados na cultura pop asiatica;Jornalistas e redatores de cultura geek em veiculos brasileiros menores;9K;Website;;BR;imprensa_grande
contato@marchanerd.com;Marcha Nerd;;Abordar como ação de cultura nerd nacional com potencial para divulgação comunitária e música/fanbase.;Cultura nerd, eventos, música e fandom;≈1K–10K;Evento / Bloco / Cultura geek;;BR;imprensa_grande
contato@mundoexteriorpt.com;Mundo Exterior PT;;Brazilian diaspora blog, 23-year solo developer transmedia story;Anime, Indie Games;;Blog;;BR;imprensa_grande
contato@nerdalerta.com.br;Nerd Alerta;;Dica de entretenimento gratuito de alta qualidade para as férias ou fins de semana;Anime, otaku, geek, pop culture;≈19K;Beacons;;BR;imprensa_grande
contato@nerdarcano.com.br;Nerd Arcano;;Análise das inspirações de fantasia sombria presentes nos livros e na webtoon;Anime, otaku, geek, pop culture;≈5K;Beacons;;BR;imprensa_grande
contato@nerdbase.com.br;Nerd Base;;Matéria destacando a paixão e a dedicação do desenvolvedor solo na criação do ecossistema;Anime, otaku, geek, pop culture;≈26K;Linktree;;BR;imprensa_grande
contato@nerdconectado.com.br;Nerd Conectado;;Matéria focada no site centralizado que reúne quadrinho, música, livro e jogo de graça;Anime, otaku, geek, pop culture;≈30K;Bio.link;;BR;imprensa_grande
contato@nerdnation.com.br;Nerd Nation;;Propor matéria sobre o lançamento transmídia gratuito de ação e fantasia;Cultura pop, entretenimento;≈10K-50K;Site / Redes sociais;;BR;imprensa_grande
contato@nerdnoticias.com.br;Nerd Notícias;;Release de imprensa sobre o projeto transmídia focado no público otaku e gamer brasileiro;Anime, otaku, geek, pop culture;≈14K;Linktree;;BR;imprensa_grande
contato@nerdstation.com.br;Nerd Station;;Matéria destacando a trilha sonora original de 36 faixas criada para embalar o universo;Anime, otaku, geek, pop culture;≈40K;Linktree;;BR;imprensa_grande
contato@nerdvibe.com.br;Nerd Vibe Brasil;;Chamada interativa para os seguidores escolherem sua facção favorita no universo grátis;Anime, otaku, geek, pop culture;≈22K;Carrd;;BR;imprensa_grande
contato@nerdzone.com.br;Nerd Zone Brasil;;Destaque para o trabalho solo brasileiro de longa data ganhando o mercado global;Anime, otaku, geek, pop culture;≈8K;Carrd;;BR;imprensa_grande
contato@nerdologiaalt.com;Nerdologia Alternativa;;Análise do lore das facções e da construção de mundo ao longo de duas décadas;Anime, otaku, geek, pop culture;≈4K;Bio.link;;BR;imprensa_grande
contato@nerdologiapura.com.br;Nerdologia Pura;;Review da experiência integrada de ler, jogar e ouvir simultaneamente o projeto;Anime, otaku, geek, pop culture;≈16K;Linktree;;BR;imprensa_grande
contato@orquestrapop.com.br;Orquestra Pop;;Lead com as 36 trilhas originais como parte de um universo de ação brasileiro gratuito.;Música de games e animes, orquestra;≈10K-50K;YouTube / Site / Concertos;;BR;imprensa_grande
redaccion@revistapixel.com;RPixel;;"Geek culture portal with anime, manga and video games sections; Spanish edition. Pitch the webtoon and transmedia universe";"Geek culture portal with anime, manga and video games sections; Spanish edition";8000;Digital Magazine;;BR;imprensa_grande
contato@tavernadonerd.com.br;Taverna do Nerd;;Dica de universo expandido ideal para maratonar a webtoon e ouvir a OST enquanto joga;Anime, otaku, geek, pop culture;≈6K;Bio.link;;BR;imprensa_grande
contato@tavernageek.com.br;Taverna Geek;;Abordar Illusion Fight como projeto transmídia nacional com livro, webtoon, game e trilha;Cultura geek, RPG, livros;≈1K-10K;Podcast / Blog;;BR;imprensa_grande
contato@universoalternativogeek.com;Universo Alternativo Geek;;Lançamento oficial e links diretos para leitura e gameplay no site illusionfight.com;Anime, otaku, geek, pop culture;≈25K;Bio.link;;BR;imprensa_grande
redacao@garotasgeeks.com;Viviane Salles;;Destaque para o worldbuilding de Marelia e o acesso mobile low-friction do webtoon;Jornalistas e redatores de cultura geek em veiculos brasileiros menores;6K;Blog;;BR;imprensa_grande
comercial@geekhere.com.br;;;;;;;;BR;nicho_especial
contato@miojoindie.com.br;;;;;;;;BR;nicho_especial
contato@nerdfreak.com.br;;;;;;;;BR;nicho_especial
contato@nerdspot.com.br;;;;;;;;BR;nicho_especial
contato@universogeekbrasil.com;;;;;;;;BR;nicho_especial
thiago@pxlaudio.com;;;;;;;;BR;nicho_especial
contato@dadoshistorias.com;;;Estamos criando conteúdo para Illusion Fight, um jogo de grid hexagonal. Gostaríamos de mostrar o sistema em uma live no seu canal.;TTRPG;≈5.100;;;BR;rpg_de_mesa
contato@portalrpg.com.br;;;Pitchar Illusion Fight como universo gratuito com RPG tático, lore e narrativa original.;RPG de mesa, cultura RPG;≈10K-50K;;;BR;rpg_de_mesa
mestrepedrok@gmail.com;;;Propor uso do universo Illusion Fight como cenário para one-shots e campanhas com sistema tático;RPG de mesa, conteúdo nerd, ação;≈100K;;;BR;rpg_de_mesa
roladados@podcast.com;;;Queremos convidar vocês para uma sessão especial de Illusion Fight, o RPG tático com universo em webtoon e livro. O jogo é todo gratuito em illusionfight.com.;RPG de Mesa;≈5.700;;;BR;rpg_de_mesa
contato@nerddetabuleiro.com.br;;;Traçar o paralelo entre o design de grid hexagonal do RPG digital e sistemas clássicos de mesa.;Português — Comunidades de RPG de mesa, actual play e RPG indie nacional;18K;;;BR;rpg_de_mesa
news@4gamers.co.th;4Gamers Thailand;PRESS;Pitch free tactical RPG and transmedia universe;Thai gaming press;-;Website;@4gamers_th;INT;bloco01_EN_PRESS_IMPRENSA
contact@algeriangeeknet.dz;Algerian Geek Network;PRESS;Connect over the 23-year journey.;French/Arabic — Geek culture and indie media;29K;YOUTUBE;@algeriangeeknet;INT;bloco01_EN_PRESS_IMPRENSA
comics@bleedingcool.com;Bleeding Cool Comics;PRESS;Free cross-media release announcement;Pop Culture and Indie Comics;300K+;Website;@bleedingcool;INT;bloco01_EN_PRESS_IMPRENSA
contacto@comunicadosgamer.cl;Comunicados Gamer;Press release: free action universe created by solo developer in 23 years.;Press / Video games;;~3K;Web;@comunicadosgamer;INT;bloco01_EN_PRESS_IMPRENSA
contact@durbangeeknet.co.za;Durban Geek Network;PRESS;African market outreach;English — Durban Geek Network;28K;YOUTUBE;@durbangeeknet;INT;bloco01_EN_PRESS_IMPRENSA
contact@egygeeknet.com;Egyptian Geek Network;PRESS;Connect over the 23-year journey of a solo creator from Brazil.;Arabic/English — Geek culture and indie media;42K;YOUTUBE;@egygeeknet;INT;bloco01_EN_PRESS_IMPRENSA
redaccion@elblogdelosjuegos.com;El Blog de los Juegos;GAMES;Free strategy game with transmedia universe (webtoon + books + OST).;Video games / Analysis;~10K;Web;@blogdelosjuegos;INT;bloco01_EN_PRESS_IMPRENSA
contacto@elbunker-geek.com;El Bunker Geek;Free transmedia universe in 4 formats. Creator interview proposal.;Geek culture / Press;;~2K;Web;@elbunker-geek;INT;bloco01_EN_PRESS_IMPRENSA
contact@escapistmag.com;Escapist Korea;PRESS;Pitch free indie action universe and solo creator story;Korean gaming/pop culture;-;Website;@escapist_kr;INT;bloco01_EN_PRESS_IMPRENSA
chronicle@fandomchronicle.com;Fandom Chronicle;PRESS;Free transmedia universe coverage option;English — Pop Culture & Geek Fandom;15K;BLOG;@fandomchronicle;INT;bloco01_EN_PRESS_IMPRENSA
digest@fandomdigest.com;Fandom Digest;PRESS;Free action universe across multiple formats;English — Pop Culture & Geek Fandom;12K;BLOG;@fandomdigest;INT;bloco01_EN_PRESS_IMPRENSA
cave@fantasybookcave.com;Fantasy Book Cave;BOOKS;Free book series part of transmedia project;English — Epic Fantasy Literature;5.5K;NEWSLETTER;@fantasybookcave;INT;bloco01_EN_PRESS_IMPRENSA
info@freakside.co;Freakside;PRESS;Free action webtoon with books and game. Indie comic angle for Colombia.;Pop culture / Comics;~4K;Web;@freakside;INT;bloco01_EN_PRESS_IMPRENSA
redaccion@frikigeek.co;FrikiGeek;PRESS;Free action webtoon with expansion to novel and game. Pitch for Colombian audience.;Pop culture / Comics;~6K;Web;@frikigeek;INT;bloco01_EN_PRESS_IMPRENSA
bodo@gamefocus.co.kr;Game Focus Korea;PRESS;Pitch free tactical RPG plus webtoon/book universe as unusual indie action IP;Korean game media and game-industry news;-;Website / Facebook;@GameFocus_Twit;INT;bloco01_EN_PRESS_IMPRENSA
quazina@gamefocus.co.kr;GameFocus;GAMES;Pitch review/news item around free hex-grid tactical RPG and solo-created story universe;Korean games press and reviews;-;Website;@gamefocuskr;INT;bloco01_EN_PRESS_IMPRENSA
contacto@gamermx.com;GamerMX;GAMES;Free turn-based tactical RPG. Pitch for Mexican gamer community: Immediate and no-cost access.;Video games / Community;~35K;Web;@gamermx;INT;bloco01_EN_PRESS_IMPRENSA
chronicle@geekculturechronicle.com;Geek Culture Chronicle;PRESS;Massive free transmedia project profile;English — Geek Culture & Fandom;14.5K;BLOG;@geekculturechronicle;INT;bloco01_EN_PRESS_IMPRENSA
contact@geekculture.com.au;Geek Culture Down Under;PRESS;Geek culture press;Full transmedia universe books+webtoon+RPG;≈35K;YouTube;@geekculturedu;INT;bloco01_EN_PRESS_IMPRENSA
hub@geekculturehub.com;Geek Culture Hub;PRESS;Massive free transmedia project case study;English — Geek Lifestyle & Fandom;13K;BLOG;@geekculturehub;INT;bloco01_EN_PRESS_IMPRENSA
studio@geekcultureradio.com;Geek Culture Radio;PRESS;One developer shipped RPG, webtoon, book, and 36-track album completely free;English — Geek and nerd culture podcast shows;≈100K;PODCAST;@geekcultureradio;INT;bloco01_EN_PRESS_IMPRENSA
editor@geekculturereview.com;Geek Culture Review;PRESS;Full transmedia universe completely free access;English — Geek & Nerd Fandom;10.5K;NEWSLETTER;@geekculturereview;INT;bloco01_EN_PRESS_IMPRENSA
contact@geekgirlauthority.com;Geek Girl Authority;PRESS;Free digital access model overview;Pop Culture, Webtoons, Anime;120K+;Website;@GeekGirlAuth;INT;bloco01_EN_PRESS_IMPRENSA
bits@geeky.co.nz;Geeky Bits NZ;PRESS;Geek culture press;Transmedia geek universe;≈5K;YouTube;@geekybitsnz;INT;bloco01_EN_PRESS_IMPRENSA
contact@georgiaindiepress.ge;Georgia Indie Press;PRESS;Press pitch for free tactical hex RPG and 36-track soundtrack;Gaming News, Indie Reviews;;Website;@georgiaindiepress;INT;bloco01_EN_PRESS_IMPRENSA
contact@ghanageeknet.com;Ghana Geek Network;PRESS;Connect over the 23-year journey of a solo creator from Brazil.;English — Geek culture and indie media;18K;YOUTUBE;@ghanageeknet;INT;bloco01_EN_PRESS_IMPRENSA
dispatch@indiedesigndispatch.com;Indie Design Dispatch;GAMES;23-year solo dev project covering multiple media;English — Independent Game Design;7.2K;BLOG;@indiedesigndispatch;INT;bloco01_EN_PRESS_IMPRENSA
interviews@indiedevmastery.com;Indie Dev Mastery;GAMES;23-year journey maintaining vision across multiple media forms;English — Gamedev podcast;≈16K;PODCAST;@indiedevmastery;INT;bloco01_EN_PRESS_IMPRENSA
nexus@indiegamenexus.com;Indie Game Nexus;GAMES;Solo dev transmedia project built over 23 years;English — Indie Games & Culture;15.5K;BLOG;@indiegamenexus;INT;bloco01_EN_PRESS_IMPRENSA
hello@indiegameoasis.net;Indie Game Oasis;GAMES;23-year dev veteran zero-cost tactical RPG and media lore world;English — Indie game podcast;≈31K;PODCAST;@indiegameoasis;INT;bloco01_EN_PRESS_IMPRENSA
buzz@indiehive.com;Indie Hive;GAMES;Solo dev cross-media production milestone;Independent Creative Projects;10K+;Website;@IndieHive;INT;bloco01_EN_PRESS_IMPRENSA
contacto@indiefenix.com;IndieFenix;GAMES;Free tactical game with transmedia universe. Focus on solo developer and free access.;Indie / Video games;~3K;Web;@indiefenix;INT;bloco01_EN_PRESS_IMPRENSA
indienova@chuapp.com;Indienova;PRESS;Pitch free indie tactical RPG and transmedia universe;Chinese indie game community;-;Website;@indienova;INT;bloco01_EN_PRESS_IMPRENSA
contact@jozigeeknet.co.za;Jozi Geek Network;PRESS;Connect over the 23-year journey of a solo creator from Brazil building an independent IP.;English — Geek culture and indie media;32K;YOUTUBE;@jozigeeknet;INT;bloco01_EN_PRESS_IMPRENSA
contact@kenyageeknet.com;Kenya Geek Network;PRESS;Connect over the 23-year journey of a solo creator from Brazil building an independent IP.;English — Geek culture and indie media;21K;YOUTUBE;@kenyageeknet;INT;bloco01_EN_PRESS_IMPRENSA
contact@lagosgeeknet.com;Lagos Geek Network;PRESS;Connect over the 23-year journey of a solo creator from Brazil building an independent IP.;English — Geek culture and indie media;24K;YOUTUBE;@lagosgeeknet;INT;bloco01_EN_PRESS_IMPRENSA
contact@moroccangeeknet.ma;Moroccan Geek Network;PRESS;Connect over the 23-year journey of a solo creator from Brazil.;French/Arabic — Geek culture and indie media;35K;YOUTUBE;@moroccangeeknet;INT;bloco01_EN_PRESS_IMPRENSA
contacto@mundogeek.pa;Mundo Geek;Press release: free transmedia action universe for Panamanian audience.;Geek culture / Press;;~3K;Web;@mundogeekpa;INT;bloco01_EN_PRESS_IMPRENSA
contacto@mutamag.com;Mutamag;"politics and culture; Spanish-speaking audience";Independent digital magazine on technology;Culture/press;3000;Digital Magazine;@mutamag;INT;bloco01_EN_PRESS_IMPRENSA
contact@naijaindiepress.com;Naija Indie Press;PRESS;Focus on the developer\u2019s background from Brazil and his solo marathon project.;English — Indie creator press and gaming outlets;11K;YOUTUBE;@naijaindiepress;INT;bloco01_EN_PRESS_IMPRENSA
ask@nawalakarsa.id;Nawala Karsa;BOOKS;, tactical RPG, and music. PRESS;;;YouTube;@nawalakarsa;INT;bloco01_EN_PRESS_IMPRENSA
studio@nerdhavenradio.com;Nerd Haven Radio;PRESS;23-year creator milestone games, comics, art zero paywalls;English — Geek culture podcast;≈65K;PODCAST;@nerdhavenradio;INT;bloco01_EN_PRESS_IMPRENSA
contact@nerdlife.com.au;Nerd Life Australia;PRESS;Geek culture press;23-year build + 4 formats free;≈28K;YouTube;@nerdlifeau;INT;bloco01_EN_PRESS_IMPRENSA
redaccion@nerdismo.es;Nerdismo;Coverage of project as indie phenomenon: 23 years creating a free universe.;Geek culture / Press;;~11K;Web;@nerdismo.es;INT;bloco01_EN_PRESS_IMPRENSA
contacto@planetageek.pe;Planeta Geek;Webtoon + books + free tactical RPG. Coverage for Peruvian anime and video game audience.;Geek culture / Press;;~12K;Web;@planetageek;INT;bloco01_EN_PRESS_IMPRENSA
redaccion@powergamers.pe;PowerGamers;GAMES;Free strategy game with transmedia universe. Coverage for Peru.;Video games / Community;~4K;Web;@powergamerspe;INT;bloco01_EN_PRESS_IMPRENSA
reviews@sffworld.com;SFFWorld;Pitch the prose books and serialized format to speculative fiction fans.;Sci-fi and fantasy books and media;English;approx 50K;Website / Forum;@sffworld;INT;bloco01_EN_PRESS_IMPRENSA
contacto@somos-kudasai.com;Somos Kudasai;tactical RPG and OST) for manga/anime audience;Free action webtoon with transmedia universe (novels;Anime / Manga / Japanese culture;~15K;Web;@somos_kudasai;INT;bloco01_EN_PRESS_IMPRENSA
contact@strategysessionpod.com;Strategy Session;GAMES;Hex-grid systems intersect with webtoon narratives for transmedia experience;English — JRPG / SRPG / tactical RPG podcast shows;≈20K;PODCAST;@strategysession;INT;bloco01_EN_PRESS_IMPRENSA
contact@animesubstack.com;The Anime Substack;WEBTOON/MANGA;Solo dev 23-year transmedia project with webtoon;English — Anime & Manga;5K;NEWSLETTER;@animesubstack;INT;bloco01_EN_PRESS_IMPRENSA
editor@thefantasyhive.co.uk;The Fantasy Hive;BOOKS;Transmedia adaptation process breakdown;Indie Author Spotlights;25K+;Website;@thefantasyhive;INT;bloco01_EN_PRESS_IMPRENSA
nook@gmail.co.nz;The Narrative Nook;GAMES;Story-driven games;Transmedia worldbuilding + narrative RPG;≈4K;YouTube;@narrativenooknz;INT;bloco01_EN_PRESS_IMPRENSA
space@thenarrativespace.com;The Narrative Space;GAMES;Transmedia worldbuilding covering books & games;English — Narrative Design & VNs;4.2K;BLOG;@thenarrativespace;INT;bloco01_EN_PRESS_IMPRENSA
contact@theplayersjournal.com.au;The Player's Journal;GAMES;Free transmedia indie universe;23-year solo indie dev journey + free tactical RPG;≈12K;YouTube;@theplayersjournal;INT;bloco01_EN_PRESS_IMPRENSA
tierra@tierradejuegos.com;Tierra de Juegos;PRESS;Free transmedia universe built in 23 years by a solo developer.;Video games / Indies;~7K;Web;@tierradejuegos;INT;bloco01_EN_PRESS_IMPRENSA
contact@tunisiangeeknet.tn;Tunisian Geek Network;PRESS;Connect over the 23-year journey.;French/Arabic — Geek culture and indie media;25K;YOUTUBE;@tungeeknet;INT;bloco01_EN_PRESS_IMPRENSA
central@webcomicscentral.com;Webcomics Central;WEBTOON/MANGA;Free high-stakes action webtoon release;English — Webcomics & Webtoons;5.1K;NEWSLETTER;@webcomicscentral;INT;bloco01_EN_PRESS_IMPRENSA
chronicle@webtoonchronicle.com;Webtoon Chronicle;WEBTOON/MANGA;Free transmedia project led by action webtoon;English — Webtoons & Manhwa News;7.9K;NEWSLETTER;@webtoonchronicle;INT;bloco01_EN_PRESS_IMPRENSA
world@webtoonworld.com;Webtoon World;WEBTOON/MANGA;Free transmedia universe centered on webtoon;English — Webtoons & Manhwa;8.2K;NEWSLETTER;@webtoonworld;INT;bloco01_EN_PRESS_IMPRENSA
contact@adventuresinpoortaste.com;AIPT Comics;movies;gaming;Comics;≈10K;Website / Podcast;@AIPTcomics;INT;bloco02_EN_GAMES_ESTRATEGICO
lexi@backlogbattle.com;Backlog Battle;story-rich RPG discovery;tactical RPGs;JRPGs;≈53K YouTube;YouTube / X;@BacklogBattle;INT;bloco02_EN_GAMES_ESTRATEGICO
contact@balticgeek.net;Baltic Geek Network;GAMES;Baltic states English-fluent community, tactical grid RPG systems;Geek Culture, Strategy Games;18K;YouTube;@balticgeeknet;INT;bloco02_EN_GAMES_ESTRATEGICO
contact@balticindieshowcase.com;Baltic Indie Showcase;GAMES;Estonia/Latvia/Lithuania fluent English crowd, tactical hex grid RPG;Indie Games, Strategy, Turn-Based;38K;YouTube;@balticindieshow;INT;bloco02_EN_GAMES_ESTRATEGICO
contact@balticstrategychronicle.com;Baltic Strategy Chronicle;GAMES;Estonia/Latvia/Lithuania fluent English crowd, tactical hex grid RPG;Indie Games, Strategy, Turn-Based;52K;YouTube;@balticstrategy;INT;bloco02_EN_GAMES_ESTRATEGICO
contact@baltictacticalgaming.com;Baltic Tactical Gaming;GAMES;Estonia/Latvia/Lithuania fluent English crowd, tactical hex grid RPG;Indie Games, Strategy, Turn-Based;48K;YouTube;@baltictactical;INT;bloco02_EN_GAMES_ESTRATEGICO
chulebaodaoxiaozu@chuapp.com;Chuapp;book series;Pitch free webtoon;Chinese gaming community;-;Website;@chuapp;INT;bloco02_EN_GAMES_ESTRATEGICO
redaccion@cinexplay.es;Cinexplay;GAMES;Free tactical RPG with anime aesthetic and 36 original tracks. Review and discovery.;Video games / Pop culture;~9K;Web;@cinexplay;INT;bloco02_EN_GAMES_ESTRATEGICO
hello@diceandgrid.com.au;Dice & Grid AU;GAMES;Tactical RPG mechanics;Hex-grid strategy RPG + faction lore;≈15K;YouTube;@diceandgridau;INT;bloco02_EN_GAMES_ESTRATEGICO
info@emiratigamernet.com;Emirati Gamer Network;GAMES;High-tier tactical RPG mechanics with full asset kit;English — Modern indie games, tactical strategy;≈74K;YOUTUBE;@EmiratiGamerNet;INT;bloco02_EN_GAMES_ESTRATEGICO
contacto@eurogaming.pt;EuroGamingPT;GAMES;Highlight the 23-year solo production journey of a free tactical hex-grid RPG;Portuguese (European) — Independent gaming highlights and reviews;≈34K;YOUTUBE;@EuroGamingPT;INT;bloco02_EN_GAMES_ESTRATEGICO
insider@gamedevinsider.com;Game Dev Insider;GAMES;23-year development story of a tactical RPG;English — Game Dev & Solo Projects;9.5K;BLOG;@gamedevinsider;INT;bloco02_EN_GAMES_ESTRATEGICO
spotlight@gamedevspotlight.com;Game Dev Spotlight;GAMES;23-year history of crafting custom tactical RPG;English — Solo Game Development;8.8K;BLOG;@gamedevspotlight;INT;bloco02_EN_GAMES_ESTRATEGICO
contact@gameweavers.net;Game Weavers;GAMES;Story consistency across book, webtoon, and game;Narrative Design Focus;18K+;Website;@GameWeavers;INT;bloco02_EN_GAMES_ESTRATEGICO
info@gamerdad.es;Gamerdad;GAMES;Accessible and free tactical RPG. Angle for gamer parents and indie discovery.;Video games / Families;~4K;Web;@gamerdad;INT;bloco02_EN_GAMES_ESTRATEGICO
arena@gamersarena.com.ar;Gamers Arena;GAMES;Free turn-based tactical RPG with strategic depth. Pitch for Argentine community.;Video games / Competitive;~8K;Web;@gamersarena;INT;bloco02_EN_GAMES_ESTRATEGICO
redaccion@gamersclub.com.ar;Gamers Club Argentina;GAMES;Free hexagonal tactical RPG. Focus on Argentine indie scene and free access.;Video games / Indies;~7K;Web;@gamersclubar;INT;bloco02_EN_GAMES_ESTRATEGICO
insider@hexcombatinsider.com;Hex Combat Insider;GAMES;Tactical combat mechanics and system breakdown;English — Turn-Based Hex Strategy;2.9K;NEWSLETTER;@hexcombatinsider;INT;bloco02_EN_GAMES_ESTRATEGICO
admin@hexstrategyblog.com;Hex Strategy Blog;GAMES;Hex-grid tactical combat mechanics and systems;English — Turn-Based Strategy;4.5K;BLOG;@hexstrategy;INT;bloco02_EN_GAMES_ESTRATEGICO
insider@hexstrategyinsider.com;Hex Strategy Insider;GAMES;Hex-grid mechanics and tactical encounter design;English — Turn-Based Tactical Games;3K;NEWSLETTER;@hexstrategyinsider;INT;bloco02_EN_GAMES_ESTRATEGICO
info@igijapan.com;IGI Japan;GAMES;Pitch free tactical RPG and webtoon/book universe as unique indie discovery;Indie game news/reviews;-;Website;@igi_japan;INT;bloco02_EN_GAMES_ESTRATEGICO
discovery@indie.co.nz;Indie Discovery NZ;GAMES;Indie game review;Solo developer indie journey;≈4K;YouTube;@indie.nz;INT;bloco02_EN_GAMES_ESTRATEGICO
presents@indiegamehour.net;Indie Game Hour;GAMES;Solo-dev hustle story: 23 years crafting a free tactical RPG universe;English — Indie game and gaming podcast shows;≈40K;PODCAST;@indiegamehour;INT;bloco02_EN_GAMES_ESTRATEGICO
news@indiegamesource.com;Indie Game Source;GAMES;Free asset availability model breakdown;Developer Crowdfunding and Launches;22K+;Website;@IndieSource;INT;bloco02_EN_GAMES_ESTRATEGICO
spot@indiegamespot.com;Indie Game Spot;GAMES;Tactical hex RPG built over 23 years solo;English — Indie Games Showcase;14K;NEWSLETTER;@indiegamespot;INT;bloco02_EN_GAMES_ESTRATEGICO
contact@indierangers.com;Indie Rangers;Highlight the cross-media design and free public accessibility.;Indie games and creator highlights;English;approx 8K;Website;@indierangers;INT;bloco02_EN_GAMES_ESTRATEGICO
contacto@indiegaming.pt;IndieGamingPT;GAMES;Highlight the 23-year solo production journey of a free tactical hex-grid RPG;Portuguese (European) — Independent gaming highlights and reviews;≈29K;YOUTUBE;@IndieGamingPT;INT;bloco02_EN_GAMES_ESTRATEGICO
contacto@indiegamingptpro.pt;IndieGamingPTPro;GAMES;Highlight the 23-year solo production journey of a free tactical hex-grid RPG;Portuguese (European) — Independent gaming highlights and reviews;≈26K;YOUTUBE;@IndieGamingPTPro;INT;bloco02_EN_GAMES_ESTRATEGICO
info@juegosadn.es;Juegos ADN;GAMES;Free tactical RPG with a decade of development. Pitch: A free universe in 4 formats.;Video games / Indie analysis;~25K;Web;@juegosadn;INT;bloco02_EN_GAMES_ESTRATEGICO
koinya.net@gmail.com;koi-nya;Present Illusion Fight as free action webtoon with shonen/seinen DNA and associated tactical RPG;anime and Japanese video games;Manga;-;Website/X;@koinya;INT;bloco02_EN_GAMES_ESTRATEGICO
contact@nextgenbase.com;Next Gen Base;GAMES;Turn-based tactical framework parameters;PC and Independent Software;30K+;Website;@NextGenBase;INT;bloco02_EN_GAMES_ESTRATEGICO
hello@ozrpgreview.com.au;Oz RPG Review;GAMES;Tactical RPG mechanics;Free tactical RPG + webtoon worldbuilding;≈8K;YouTube;@ozrpgreview;INT;bloco02_EN_GAMES_ESTRATEGICO
redaccion@pixelcrush.es;Pixel Crush;GAMES;Free turn-based tactical RPG. Pitch for strategy and pixel art game lovers.;Indie / Retro / Strategy;~6K;Web;@pixelcrush;INT;bloco02_EN_GAMES_ESTRATEGICO
redaccion@replay.com.mx;Replay;GAMES;Free tactical game with webtoon universe. Coverage for Mexican market.;Video games / Gamer culture;~22K;Web;@replay.mx;INT;bloco02_EN_GAMES_ESTRATEGICO
contacto@retrogamer.cl;RetroGamer Chile;GAMES;Tactical RPG with classic soul. Pitch for retro and strategy game lovers.;Retro / Strategy;~2.5K;Web;@retrogamercl;INT;bloco02_EN_GAMES_ESTRATEGICO
editor@strategygamer.com;Strategy Gamer;Focus on the grid mechanics and tactical depth of the free RPG.;Strategy and tactical gaming;English;approx 50K;Website;@strategygamer;INT;bloco02_EN_GAMES_ESTRATEGICO
reviews@srpgcorner.com;Strategy RPG Corner;GAMES;Free tactical hex-grid RPG and action webtoon;English — Tactical & Strategy RPGs;8K;BLOG;@srpgcorner;INT;bloco02_EN_GAMES_ESTRATEGICO
contact@strategyrpg.com.au;Strategy RPG Hub AU;GAMES;Strategy RPG analysis;Hex-grid RPG combat breakdown;≈12K;YouTube;@strategyrpghubau;INT;bloco02_EN_GAMES_ESTRATEGICO
contact@tacticalgamingnews.com;Tactical Gaming News;GAMES;Deep tactical systems and class customization;Turn-Based Strategy Focus;12K+;Blog;@TacticalGN;INT;bloco02_EN_GAMES_ESTRATEGICO
corner@tacticalstrategycorner.com;Tactical Strategy Corner;GAMES;Hex-grid gameplay systems and progression pitch;English — Tactical & Hex Strategy;5.2K;NEWSLETTER;@tacticalstrategycorner;INT;bloco02_EN_GAMES_ESTRATEGICO
editor@tacticalturn.com;Tactical Turn;GAMES;Deep hex-grid systems and narrative universe;English — Tactical RPGs;3K;BLOG;@tacticalturn;INT;bloco02_EN_GAMES_ESTRATEGICO
guide@thestrategyguide.com;The Strategy Guide;GAMES;Hex-grid combat mechanics and encounter design;English — Turn-Based Strategy Design;6.8K;BLOG;@thestrategyguide;INT;bloco02_EN_GAMES_ESTRATEGICO
guide@turnbasedguide.com;The Turn-Based Guide;GAMES;Tactical hex RPG with character progression;English — Turn-Based Strategy Games;7K;BLOG;@turnbasedguide;INT;bloco02_EN_GAMES_ESTRATEGICO
tactics@turnbasedtactics.com;Turn Based Tactics Curator;GAMES;XCOM-style tactical grid gameplay feature;Tactical and Strategy Games;15K+;Steam;@TurnBasedTactics;INT;bloco02_EN_GAMES_ESTRATEGICO
editorial@voxelsmash.com;Voxel Smash;GAMES;23-year lifecycle design case study;Indie Game Analysis;12K+;Website;@VoxelSmash;INT;bloco02_EN_GAMES_ESTRATEGICO
hello@animecoll.com.au;Anime Collective AU;WEBTOON/MANGA;Anime-inspired webtoon;Webtoon with anime-style factions;≈24K;YouTube;@animecollau;INT;bloco04_EN_WEBTOON_MANGA_MEDIO
info@animedownunder.com.au;Anime Down Under;WEBTOON/MANGA;Anime-inspired action universe;Free action webtoon with anime DNA;≈25K;YouTube;@animedownunder;INT;bloco04_EN_WEBTOON_MANGA_MEDIO
insights@animeau.com;Anime Insights AU;WEBTOON/MANGA;Anime-inspired webtoon;Action webtoon with lore depth;≈19K;YouTube;@animeinsightsau;INT;bloco04_EN_WEBTOON_MANGA_MEDIO
digest@animeworlddigest.com;Anime World Digest;WEBTOON/MANGA;Action webtoon built within custom RPG universe;English — Anime & Manga Fandom;12.5K;BLOG;@animeworlddigest;INT;bloco04_EN_WEBTOON_MANGA_MEDIO
contact@casualempire.com;Casual Empire;WEBTOON/MANGA;;;;Podcast;@Casual_Empire;INT;bloco04_EN_WEBTOON_MANGA_MEDIO
editor@comicbookbin.com;Comic Book Bin;WEBTOON/MANGA;Shonen-style action webtoon framework;Graphic Novels and Anime Aesthetics;45K+;Website;@ComicBookBin;INT;bloco04_EN_WEBTOON_MANGA_MEDIO
editor@comicbooksyeti.com;Comic Book Yeti;Pitch the visual style and free digital release of the webtoon chapters.;Indie comics and webcomic curation;English;approx 15K;Website;@comicbooksyeti;INT;bloco04_EN_WEBTOON_MANGA_MEDIO
hello@comicculture.com.au;Comic Culture AU;WEBTOON/MANGA;Webcomics review;Free independent webtoon series;≈11K;YouTube;@comiccultureau;INT;bloco04_EN_WEBTOON_MANGA_MEDIO
contact@firstissuereview.com;First Issue Review;WEBTOON/MANGA;Webtoon starter pack formatting launch;New Comic Discoveries;8K+;Blog;@FirstIssueRev;INT;bloco04_EN_WEBTOON_MANGA_MEDIO
contacto@lahoraotaku.com;La Hora Otaku;Angle webtoon + tactical RPG for classic otaku and podcast audience;anime and Japanese culture in Spanish;Manga;-;Podcast;@lahoraotaku;INT;bloco04_EN_WEBTOON_MANGA_MEDIO
digest@mangawebtoondigest.com;Manga & Webtoon Digest;WEBTOON/MANGA;Free action webtoon with rich fantasy world;English — Manga & Webtoons;13K;NEWSLETTER;@mangawebtoondigest;INT;bloco04_EN_WEBTOON_MANGA_MEDIO
hub@mangawebtoonhub.com;Manga & Webtoon Hub;WEBTOON/MANGA;Free action webtoon with connected fantasy lore;English — Manga & Webcomics Review;12.5K;NEWSLETTER;@mangawebtoonhub;INT;bloco04_EN_WEBTOON_MANGA_MEDIO
explorer@mangaexplorer.com;Manga Explorer;WEBTOON/MANGA;Action webtoon linked with fantasy books;English — Manga & Anime Discovery;10.8K;NEWSLETTER;@mangaexplorer;INT;bloco04_EN_WEBTOON_MANGA_MEDIO
info@mangaislandblog.com;Manga Island;WEBTOON/MANGA;Free webtoon + fantasy book universe bridge;English — Manga Reviews;12K;BLOG;@mangaisland;INT;bloco04_EN_WEBTOON_MANGA_MEDIO
contact@mangapod.com;Manga Pod;WEBTOON/MANGA;Free action universe with webtoon and deep lore book series;English — Anime and manga podcast shows;≈30K;PODCAST;@mangapod;INT;bloco04_EN_WEBTOON_MANGA_MEDIO
reviews@mangareviewer.com;Manga Reviewer;WEBTOON/MANGA;Free action webtoon series with prose books;English — Manga & Graphic Novels;17K;BLOG;@mangareviewer;INT;bloco04_EN_WEBTOON_MANGA_MEDIO
review@mangaworldreview.com;Manga World Review;WEBTOON/MANGA;Action webtoon paired with complete book series;English — Manga & Anime Culture;11.5K;NEWSLETTER;@mangaworldreview;INT;bloco04_EN_WEBTOON_MANGA_MEDIO
otaku@otakucircle.com;Otaku Circle;WEBTOON/MANGA;Anime-inspired factions and deep worldbuilding;English — Otaku Culture & Anime;9K;NEWSLETTER;@otakucircle;INT;bloco04_EN_WEBTOON_MANGA_MEDIO
webmaster@otakunews.com;Otaku News;Japanese pop culture and fan news;manga;Anime;4K X followers;Website / Bluesky;@otaku_news;INT;bloco04_EN_WEBTOON_MANGA_MEDIO
contacto@techotaku.mx;TechOtaku;WEBTOON/MANGA;Free webtoon with anime aesthetic and tactical game. Focus on innovation and otaku culture.;Technology / Anime;~3K;Web;@techotaku.mx;INT;bloco04_EN_WEBTOON_MANGA_MEDIO
info@thegraphicnovelist.com;The Graphic Novelist;WEBTOON/MANGA;Webtoon and book crossover format overview;English — Graphic Novels & Comics;6K;BLOG;@graphicnovelist;INT;bloco04_EN_WEBTOON_MANGA_MEDIO
herald@webcomicherald.com;The Webcomic Herald;WEBTOON/MANGA;Independent action webtoon with heavy lore;English — Webcomics Industry;4.6K;NEWSLETTER;@webcomicherald;INT;bloco04_EN_WEBTOON_MANGA_MEDIO
spot@thewebcomicspot.com;The Webcomic Spot;WEBTOON/MANGA;Action webtoon series with rich fantasy lore;English — Webcomics & Digital Art;4.3K;NEWSLETTER;@thewebcomicspot;INT;bloco04_EN_WEBTOON_MANGA_MEDIO
contacto@universoanimanga.com;Universo Animanga;WEBTOON/MANGA;Coverage of webtoon as independent work with novel and tactical game adaptation.;Anime / Manga;~4K;Web;@universoanimanga;INT;bloco04_EN_WEBTOON_MANGA_MEDIO
contact@webtooncentral.com;Webtoon Central;WEBTOON/MANGA;Low-friction entry with comprehensive bonus lore;Webtoon Recommendations;18K+;Blog;@WebtoonCentral;INT;bloco04_EN_WEBTOON_MANGA_MEDIO
hosts@webtoonchat.com;Webtoon Chat;WEBTOON/MANGA;Solo dev merged action webtoon with tactical hex-grid RPG over 23 years;English — Webtoon and manhwa dedicated podcast shows;≈15K;PODCAST;@webtoonchat;INT;bloco04_EN_WEBTOON_MANGA_MEDIO
digest@webtoondigest.com;Webtoon Digest;WEBTOON/MANGA;Free action webtoon series built by solo creator;English — Webtoons & Webcomics;6.1K;NEWSLETTER;@webtoondigest;INT;bloco04_EN_WEBTOON_MANGA_MEDIO
hannah@thisishazel.com;A Clockwork Reader (Hannah);ARC-friendly;Book hauls;Fantasy/YA book reviews;500K+;YouTube;@AClockworkReader;INT;bloco05_EN_BOOKS_SFF
contact@balticsffreviews.com;Baltic SFF Reviews;Estonia;Estonia/Latvia/Lithuania fluent English crowd, free fantasy book series;SFF Books, Graphic Novels;42K;YouTube;@balticsffreviews;INT;bloco05_EN_BOOKS_SFF
contact@booksandbytes.co.nz;Books & Bytes NZ;New Zealand;SFF book series review;Free book series with webtoon art;≈6K;YouTube;@booksandbytesnz;INT;bloco05_EN_BOOKS_SFF
contact@booktubealliance.com;BookTube Alliance;US;Crossover appeal for visual and prose readers;Fantasy and Sci-Fi BookTubers;50K+;YouTube;@BTubeAlliance;INT;bloco05_EN_BOOKS_SFF
epic@epicfantasycorner.com;Epic Fantasy Corner;US;Free action-fantasy book series overview;English — Fantasy & SFF Literature;3.2K;NEWSLETTER;@epicfantasycorner;INT;bloco05_EN_BOOKS_SFF
reader@epicsffreader.com;Epic SFF Reader;US;Free book series integrated into tactical world;English — Epic Fantasy & Sci-Fi;3.4K;NEWSLETTER;@epicsffreader;INT;bloco05_EN_BOOKS_SFF
critic@fantasybookcritic.com;Fantasy Book Critics;US;Visual pairing of webtoon with tactical tie-in;Genre Fiction Reviews;30K+;Website;@FantasyBCritic;INT;bloco05_EN_BOOKS_SFF
oasis@fantasybookoasis.com;Fantasy Book Oasis;UK;Free fantasy books integrated with tactical RPG;English — Fantasy Fiction Reviews;4.8K;BLOG;@fantasybookoasis;INT;bloco05_EN_BOOKS_SFF
reads@fantasy.com.au;Fantasy Reads AU;Australia;Fantasy book review;Free action fantasy book series;≈22K;YouTube;@fantasyreadsau;INT;bloco05_EN_BOOKS_SFF
contact@grimdarkreader.com;Grimdark Fiction Reader;US;High-stakes conflict and mature universe elements;Dark Fantasy Literature;15K+;Blog;@GrimdarkReader;INT;bloco05_EN_BOOKS_SFF
jen@jencampbell.co.uk;Jen Campbell;gothic/dark fantasy fit;Book reviews;Fantasy/Horror/Gothic book reviews;150K+;YouTube;@JenCampbell;INT;bloco05_EN_BOOKS_SFF
reviews@sffbookchat.com;SFF Book Chat;US;Worldbuilding and serialization of free dark fantasy action book series;English — Fantasy and SFF book podcast shows;≈35K;PODCAST;@sffbookchat;INT;bloco05_EN_BOOKS_SFF
oasis@sffbookoasis.com;SFF Book Oasis;UK;Free book series paired with webtoon visuals;English — Sci-Fi & Fantasy Literature;9.2K;BLOG;@sffbookoasis;INT;bloco05_EN_BOOKS_SFF
shelf@sffbookshelf.com;SFF Book Shelf;UK;Free fiction books set in tactical RPG world;English — SFF & Speculative Fiction;8.5K;BLOG;@sffbookshelf;INT;bloco05_EN_BOOKS_SFF
reviews@sffbookworm.com;SFF Book Worm;US;Free high-stakes fantasy book launch;Speculative Fiction Reviews;12K+;Blog;@SFFBookWorm;INT;bloco05_EN_BOOKS_SFF
contact@sffoceania.com;SFF Oceania;Australia;Epic fantasy series review;Free SFF book series + webtoon companion;≈12K;YouTube;@sffoceania;INT;bloco05_EN_BOOKS_SFF
editor@sffworld.com;SFF World;UK;Serialized book series with visual accompaniment;Science Fiction and Fantasy Literature;80K+;Website;@sffworld;INT;bloco05_EN_BOOKS_SFF
interviews@sffworld.com;SFF World Interviews;UK;Solo development methodology over 23 years;Author Conversations;80K+;Website;@sffworld;INT;bloco05_EN_BOOKS_SFF
reviews@speculativeprose.com;Speculative Prose;US;Free dark action fantasy book series digital mediums;English — SFF book podcast;≈24K;PODCAST;@speculativeprose;INT;bloco05_EN_BOOKS_SFF
reviews@bookcorner.com.au;The Book Corner AU;Australia;Fantasy book review;Free English-language SFF saga;≈14K;YouTube;@bookcornerau;INT;bloco05_EN_BOOKS_SFF
info@bookwormchronicles.com;The Bookworm Chronicles;Canada;Digital-native free fantasy series rollout;Independent Book Features;10K+;Blog;@BwormChronicles;INT;bloco05_EN_BOOKS_SFF
hub@lightnovelhub.com;The Light Novel Hub;US;Serialized action fiction with graphic art;English — Light Novels & Web Fiction;5.8K;BLOG;@lightnovelhub;INT;bloco05_EN_BOOKS_SFF
contact@lightnovelist.com;The Light Novelist;US;Prose book series paired with action webtoon;English — Light Novels & Web Novels;2.8K;NEWSLETTER;@lightnovelist;INT;bloco05_EN_BOOKS_SFF
hub@thenovelhub.com;The Novel Hub;US;Prose book series set in custom RPG universe;English — Light Novels & Web Fiction;5.4K;BLOG;@thenovelhub;INT;bloco05_EN_BOOKS_SFF
contact@theindiejuice.com;;GAMES;Solo project spanning webtoon, book, and RPG;Hidden Gem Video Games;20K+;Website;@TheIndieJuice;INT;bloco07_ao_bloco10
info@geekz.mx;;Action webtoon + tactical RPG + books + OST. Cultural coverage pitch for Mexico.;Geek culture / Entertainment;;~15K;Web;@geekz.mx;INT;bloco07_ao_bloco10
press@popsize.co.uk;;press release;UK pop culture outlet;Pop culture;-;Website;@popsize;INT;bloco07_ao_bloco10
contacto@elvortex.com;;video games;Geek culture;;-;Website/YouTube/Podcast;@ElVortex;INT;bloco07_ao_bloco10
interviews@solodevjourney.com;;GAMES;Veteran developer built massive free IP over 23 years without external funding;English — Game development and indie dev podcast shows;≈15K;PODCAST;@solodevjourney;INT;bloco07_ao_bloco10
theguys@beatbritish.co.uk;;pitch indie tactical RPG;UK gaming podcast;Gaming podcast;-;Podcast;@beatbritish;INT;bloco07_ao_bloco10
chronicle@indiecreatorchronicle.com;;GAMES;Solo creator building universe over two decades;English — Independent Game Design;7.5K;BLOG;@indiecreatorchronicle;INT;bloco07_ao_bloco10
design@narrativedesigner.com;;GAMES;Worldbuilding across books, webtoons, and RPGs;English — Narrative Games & VNs;5K;BLOG;@narrativedesigner;INT;bloco07_ao_bloco10
dispatch@indiedevdispatch.com;;GAMES;Solo developer creating massive 23-year IP;English — Game Development;7.2K;NEWSLETTER;@indiedevdispatch;INT;bloco07_ao_bloco10
news@indierpgspotlight.com;;GAMES;Solo design crossover between digital and paper;Independent RPG Creation;10K+;Newsletter;@IRPGSpotlight;INT;bloco07_ao_bloco10
chronicle@indierpgchronicle.com;Indie RPG Chronicle;GAMES;Turn-based strategy RPG built by solo creator;English — Indie Roleplaying Systems;6K;BLOG;@indierpgchronicle;INT;bloco07_ao_bloco10
horizon@indierpghorizon.com;Indie RPG Horizon;GAMES;Turn-based hex strategy RPG built by solo dev;English — Indie Roleplaying Games;6.2K;BLOG;@indierpghorizon;INT;bloco07_ao_bloco10
contacto@mazmorradelrol.cl;La Mazmorra del Rol;factions and ambient music for campaigns.;Free resource for GMs: tactical scenarios;Tabletop RPG / Worldbuilding;~1K;Blog;@mazmorradelrol;INT;bloco07_ao_bloco10
info@roleplayersguild.com;Roleplayers Guild;GAMES;Factions system inspiration for campaign play;Tabletop and Tactical Culture;45K+;Website;@RPGuildNet;INT;bloco07_ao_bloco10
journal@tabletoptacticsjournal.com;Tabletop Tactics Journal;GAMES;Tactical hex systems matching tabletop depth;English — TTRPG & Strategy Systems;3.7K;NEWSLETTER;@tabletoptacticsjournal;INT;bloco07_ao_bloco10
redaccion@culturafrik.com;Cultura Frik;PRESS;23 años para crear ecosistema gratis cómics, libros, música, RPG;Spanish — Geek culture podcast;≈75K;PODCAST;@culturafrik;INT;bloco11_ao_bloco18
contacto@desarrolloindie.com;Desarrollo Independiente;GAMES;Lecciones dev solo 23 años producción constante universo gratuito;Spanish — Gamedev podcast;≈13K;PODCAST;@devindie;INT;bloco11_ao_bloco18
estrategiahexagonal@gmail.com;Estrategia Hexagonal;GAMES;Deep tactical hex-grid progression, fully free solo dev system;Spanish — Strategy & turn-based RPGs;≈14K;YOUTUBE;@EstrategiaHexagonal;INT;bloco11_ao_bloco18
quest@indiequest.com;Indie Quest;GAMES;Hex-grid tactical systems built by solo creator;English — Indie RPGs & Systems;4K;NEWSLETTER;@indiequest;INT;bloco11_ao_bloco18
spotlight@indierpgspotlight.com;Indie RPG Spotlight;GAMES;Turn-based hex combat and narrative focus;English — Independent RPG Design;4.6K;NEWSLETTER;@indierpgspotlight;INT;bloco11_ao_bloco18
press@jrpgchronicle.com;JRPG Chronicle;GAMES;Tactical RPG with anime aesthetic and deep lore;English — JRPGs & Strategy RPGs;15K;BLOG;@jrpgchronicle;INT;bloco11_ao_bloco18
info@librosfantasiapod.com;Libros de Fantasía;BOOKS;Saga fantasía oscura gratis con webtoon y banda sonora;Spanish — Fantasy book podcast;≈28K;PODCAST;@librosfantasia;INT;bloco11_ao_bloco18
contact@mangamanhwazone.com;Manga & Manhwa Zone;WEBTOON/MANGA;Action-packed webtoon with tactical RPG ties;English — Manga & Manhwa;18K;BLOG;@mangamanhwazone;INT;bloco11_ao_bloco18
master@mesaderol.com;Mesa de Rol;GAMES;Material gratis para DJ: mapas hexágonos, lore facciones, 36 pistas;Spanish — TTRPG podcast;≈40K;PODCAST;@mesaderol;INT;bloco11_ao_bloco18
prensa@mundoindiepod.com;Mundo Indie Podcast;GAMES;Dev latino 23 años programando RPG táctico transmedia gratis;Spanish — Indie game podcast;≈33K;PODCAST;@mundoindie;INT;bloco11_ao_bloco18
contacto@podcastotaku.es;;WEBTOON/MANGA;Un universo gratuito de acción con webtoon, RPG táctico y 36 temas;Spanish — Anime/manga podcast;≈45K;PODCAST;@podcastotaku;INT;bloco19_ao_bloco22
chroniques@salonfantastique.fr;;BOOKS;Série dark fantasy épique distribuée gratuitement en numérique;French — Fantasy book podcast;≈30K;PODCAST;@salonfantastique;INT;bloco19_ao_bloco22
contact@bdbulle.ch;;WEBTOON/MANGA;Transmedia indie project featuring free webtoon;French — Swiss-French comics culture;≈8K;YOUTUBE;@BDBulleCH;INT;bloco19_ao_bloco22
contact@bdparadis.fr;;WEBTOON/MANGA;Solo creator 23-year transmedia project webtoon;French — Bande dessinée and indie comics;≈34K;YOUTUBE;@BDParadis;INT;bloco19_ao_bloco22
contact@camgeeknet.cm;;PRESS;Connect over the 23-year journey of a solo creator.;French — Geek culture and indie media;16K;YOUTUBE;@camgeeknet;INT;bloco19_ao_bloco22
contact@culturegeekfr.com;;PRESS;Projet cross-média 23 ans webtoon, RPG tactique, romans gratuits;French — Geek culture podcast;≈85K;PODCAST;@culturegeekfr;INT;bloco19_ao_bloco22
contact@gamerindie.fr;;GAMES;Pitch the free tactical hex-grid gameplay systems and extensive 36-track score;French — Independent gaming discovery and review features;≈15K;YOUTUBE;@GamerIndieFR;INT;bloco19_ao_bloco22
contact@ivoriangeeknet.ci;;PRESS;Connect over the 23-year journey of a solo creator.;French — Geek culture and indie media;22K;YOUTUBE;@ivoriangeeknet;INT;bloco19_ao_bloco22
contact@journalduwebtoon.fr;;WEBTOON/MANGA;Deep breakdown of free action webtoon with cross-media depth;French — Webtoon Curators & Reviewers;≈35K;YOUTUBE;@journalduwebtoon;INT;bloco19_ao_bloco22
contact@jrpgfrance.com;;GAMES;Story-driven RPG angle highlighting factions, grid combat, and character progression;French — JRPGs and deep RPG reviews;≈26K;YOUTUBE;@JRPGFrance;INT;bloco19_ao_bloco22
contact@lepodgaming.com;;GAMES;Créateur solo 23 ans développement jeu tactique entièrement gratuit;French — Indie game podcast;≈45K;PODCAST;@lepodgaming;INT;bloco19_ao_bloco22
contact@mangacastfr.com;;WEBTOON/MANGA;Univers transmédia gratuit webtoon, livres, RPG tactique hexagonale;French — Anime/manga podcast;≈40K;PODCAST;@mangacastfr;INT;bloco19_ao_bloco22
contact@mangaculte.fr;;WEBTOON/MANGA;Pitch the free action webtoon format and long-term transmedia production story;French — Manga and webtoon reviews;≈45K;YOUTUBE;@MangaCulte;INT;bloco19_ao_bloco22
contact@senegalgeeknet.sn;;PRESS;Connect over the 23-year journey of a solo creator.;French — Geek culture and indie media;14K;YOUTUBE;@senegalgeeknet;INT;bloco19_ao_bloco22
contact@strategefrancais.fr;;GAMES;XCOM style hex-grid tactical mechanics pitch;French — Strategy and tactical gaming;≈13K;YOUTUBE;@StrategeFrancais;INT;bloco19_ao_bloco22
contact@stripgloss.be;;WEBTOON/MANGA;Free webtoon from indie creator + full universe;French — Belgian comic and webtoon updates;≈22K;YOUTUBE;@StripGloss;INT;bloco19_ao_bloco22
contact@zoneindiefr.com;;GAMES;23-year solo developer project spanning multiple media;French — Indie Game Reviewers;≈19K;YOUTUBE;@zoneindiefr;INT;bloco19_ao_bloco22
mj@latablejdr.fr;;GAMES;Mine d'or gratuite MJ: lore factions, grilles hexagonales, 36 pistes;French — TTRPG podcast;≈50K;PODCAST;@latablejdr;INT;bloco19_ao_bloco22
pro@pixelindie.fr;;GAMES;Free hex-grid tactical RPG built by solo dev;French — Indie game reviews and discovery;≈8K;YOUTUBE;@PixellIndie;INT;bloco19_ao_bloco22
studio@otakuhebdo.fr;;WEBTOON/MANGA;Projet indépendant webtoon gratuite lore développé culture otaku;French — Anime/manga podcast;≈25K;PODCAST;@otakuhebdo;INT;bloco19_ao_bloco22
contact@ecranfantastique.ca;;FILM;Independent animation visual direction angle;French Canadian — Cinéma d'animation et courts métrages;≈25K;YOUTUBE;@EcranFantastiqueQC;INT;bloco19_ao_bloco22
contact@legeekquebecois.ca;;WEBTOON/MANGA;Solo dev transmedia indie universe focus;French Canadian — Culture geek et manga;≈45K;YOUTUBE;@LeGeekQuebecois;INT;bloco19_ao_bloco22
contact@lheuredugeek.ca;;PRESS;Brazilian solo developer success narrative;French Canadian — Actualité nerd et pop culture;≈19K;YOUTUBE;@LHeureDuGeekQC;INT;bloco19_ao_bloco22
contact@podcastgeekqc.ca;;PRESS;Solo creator building 4 mediums over 23 years;French Canadian — Actualité geek et transmédia;≈11K;YOUTUBE;@PodcastGeekQC;INT;bloco19_ao_bloco22
contact@taniemesorciers.ca;;BOOKS;Indie fantasy book series review copy;French Canadian — Livres fantasy et SFF;≈8.5K;YOUTUBE;@TaniereSorciers;INT;bloco19_ao_bloco22
info@jeuxindieqc.com;;GAMES;Tactical hex-grid RPG review request;French Canadian — Jeux vidéo indépendants;≈12K;YOUTUBE;@JeuxIndieQC;INT;bloco19_ao_bloco22
pro@gamerdelest.ca;;GAMES;Tactical progression and deep worldbuilding;French Canadian — Let's Plays et critiques RPG;≈55K;YOUTUBE;@GamerDeLEst;INT;bloco19_ao_bloco22
buchtuber.kontakt@gmx.de;;BOOKS;Free dark fantasy prose series with visual webtoon;German — Fantasy and SFF book reviews;≈5K;YOUTUBE;@DerBuchtuber;INT;bloco23_ao_bloco24
buecherwurmfantasy@gmx.de;;BOOKS;Indie dark fantasy/sci-fi review pitch for the free book series and visual webtoon;German — Epic fantasy and SFF book reviews;≈19K;YOUTUBE;@BuecherWurmFantasy;INT;bloco23_ao_bloco24
comicblatt@gmx.de;;WEBTOON/MANGA;Independent webtoon panels supported by massive high-concept fiction;German — Graphic Novel & Comic Curators;≈15K;YOUTUBE;@comicblatt;INT;bloco23_ao_bloco24
comicbuchtuber@gmx.de;;WEBTOON/MANGA;Independent creator-owned action webtoon plus fantasy prose;German — Graphic Novels & Webtoons;≈4.5K;YOUTUBE;@comicbuchtuber;INT;bloco23_ao_bloco24
comicsektor@gmx.de;;WEBTOON/MANGA;Free indie action webtoon with complementary detailed prose books;German — Graphic Novel & Comic Curators;≈8.3K;YOUTUBE;@comicsektor;INT;bloco23_ao_bloco24
contact@jrpgdeutschland.de;;GAMES;Story-driven RPG angle highlighting factions, grid combat, and character progression;German — JRPGs and deep RPG reviews;≈24K;YOUTUBE;@JRPGDE;INT;bloco23_ao_bloco24
graphiknovelle@gmx.de;;WEBTOON/MANGA;Independent webtoon panels backed by high-concept fantasy prose books;German — Graphic Novel & Comic Curators;≈12K;YOUTUBE;@graphiknovelle;INT;bloco23_ao_bloco24
indiespieledepot@de.com;;GAMES;23 years of independent development accessible completely free;German — Indie Game Discovery;≈49K;YOUTUBE;@indiespieledepot;INT;bloco23_ao_bloco24
indiespielekammer@de.com;;GAMES;23 years of solo dev worldbuilding accessible without entry barrier;German — Indie Game Discovery;≈42K;YOUTUBE;@indiespielekammer;INT;bloco23_ao_bloco24
indiewelten@gmx.de;;GAMES;Solo developer 23-year journey case study;German — Indie games and creator stories;≈14K;YOUTUBE;@IndieWelten;INT;bloco23_ao_bloco24
info@animepodcast.de;;WEBTOON/MANGA;Kostenloses Transmedia-Universum Webtoon, Buch, Taktik-RPG, Soundtrack;German — Anime/manga podcast;≈34K;PODCAST;@animepodcastde;INT;bloco23_ao_bloco24
info@indieranger.de;;GAMES;Highlight the 23-year solo production journey of a free tactical hex-grid RPG;German — Indie game discovery and micro-influencer showcases;≈14K;YOUTUBE;@IndieRangerDE;INT;bloco23_ao_bloco24
info@indiespielecheck.de;;GAMES;Hex-grid tactical RPG built by a single developer over 23 years;German — Indie Game Discovery;≈22K;YOUTUBE;@indiespielecheck;INT;bloco23_ao_bloco24
info@indiespielekanal.de;;GAMES;Position the free tactical hex-grid RPG and 36-track score as a hidden gem discovery;German — Indie game discovery and niche spotlights;≈18K;YOUTUBE;@IndieSpieleKanal;INT;bloco23_ao_bloco24
info@ostundsound.de;;MUSIC;36-track original soundtrack for free indie RPG;German — Video game soundtrack reviews;≈12K;YOUTUBE;@OstUndSound;INT;bloco23_ao_bloco24
info@tacticalboard.de;;GAMES;Deep tactical systems in free hex-grid RPG;German — Strategy and RPG gameplay;≈15K;YOUTUBE;@TacticalBoardDE;INT;bloco23_ao_bloco24
kontakt@indiespielewelt.de;;GAMES;23-year solo passion project with expansive free world ecosystem;German — Indie Game Discovery;≈31K;YOUTUBE;@indiespielewelt;INT;bloco23_ao_bloco24
kontakt@mangakritik.de;;WEBTOON/MANGA;Frame Illusion Fight as a free action webtoon/book universe for manga readers;German — Manga and manhwa reviews and character essays;≈52K;YOUTUBE;@MangaKritikDE;INT;bloco23_ao_bloco24
kontakt@mangauniversum.de;;WEBTOON/MANGA;Pitch the free webtoon + book bridge as an indie project with transmedia elements;German — Manga and manhwa industry discussion;≈48K;YOUTUBE;@MangaUniversum;INT;bloco23_ao_bloco24
kontakt@otakude.de;;WEBTOON/MANGA;Shonen style action webtoon + tactical RPG fit;German — Manga/Anime breakdowns;≈45K;YOUTUBE;@OtakuDe;INT;bloco23_ao_bloco24
leseecke.kontakt@gmx.de;;BOOKS;Free epic fantasy book series with interactive webtoon tie-in;German — Fantasy & SFF Books;≈2.1K;YOUTUBE;@phantastischeleseecke;INT;bloco23_ao_bloco24
otakurezensionen@gmx.de;;WEBTOON/MANGA;High-octane action webtoon with serialized prose;German — Manga and anime reviews;≈20K;YOUTUBE;@OtakuRezensionen;INT;bloco23_ao_bloco24
phantastikbuch@gmx.de;;BOOKS;Indie dark fantasy/sci-fi review pitch for the free book series and visual webtoon;German — Fantasy and sci-fi book reviews;≈24K;YOUTUBE;@PhantastikBuch;INT;bloco23_ao_bloco24
redaktion@indiegamefunk.de;;GAMES;23 Jahre Solo-Entwicklung kostenlose Taktik-RPG-Franchise;German — Indie game podcast;≈38K;PODCAST;@indiegamefunk;INT;bloco23_ao_bloco24
seitensammler@gmx.de;;BOOKS;Immersive cross-media asset package tailored for visual novel readers;German — Light Novels & BookTube;≈6.1K;YOUTUBE;@seitensammler;INT;bloco23_ao_bloco24
seitenwaelzer@gmx.de;;BOOKS;Immersive cross-media asset structures tailored for visual novel readers;German — Light Novels & BookTube;≈8.3K;YOUTUBE;@seitenwaelzer;INT;bloco23_ao_bloco24
spielenerdde@gmx.de;;GAMES;Solo dev case study: 23-year project free launch;German — Indie games and turn-based strategy;≈16K;YOUTUBE;@SpieleNerdDE;INT;bloco23_ao_bloco24
spielesoundtrack@gmx.de;;MUSIC;Full 36-track original musical landscape attached to action game;German — VGM & Soundtrack Curators;≈1.4K;YOUTUBE;@spielesoundtrack;INT;bloco23_ao_bloco24
spielleiter@rpgtisch.de;;GAMES;Kostenlose Ressourcen: Fraktions-Lore, Hex-Karten, 36-Track-Soundtrack;German — TTRPG podcast;≈42K;PODCAST;@rpgtisch;INT;bloco23_ao_bloco24
studio@nerdkulturfunk.de;;PRESS;23 Jahre Arbeit kostenloses crossmediales Unterhaltungsuniversum;German — Geek culture podcast;≈82K;PODCAST;@nerdkulturfunk;INT;bloco23_ao_bloco24
info@animetalk.it;Anime Talk Italia;WEBTOON/MANGA;Universo transmediale gratuito webtoon, libri, RPG tattico, OST;Italian — Anime/manga podcast;≈31K;PODCAST;@animetalkit;INT;bloco23_ao_bloco24
info@fumettidynamic.it;Fumetti Dynamic;WEBTOON/MANGA;Free global action webtoon with lore books;Italian — Comic and webtoon reviews;≈12K;YOUTUBE;@FumettiDynamic;INT;bloco23_ao_bloco24
contatto@gameritniche.it;Gamer Italiano Niche;GAMES;Anime-inspired tactical RPG + webtoon bridge;Italian — RPG and narrative game analysis;≈22K;YOUTUBE;@GamerItNiche;INT;bloco23_ao_bloco24
info@giochiindieitalia.it;GiochiIndie Italia;GAMES;Highlight the 23-year solo production journey of a free tactical hex-grid RPG;Italian — Independent game highlights and previews;≈33K;YOUTUBE;@GiochiIndieIT;INT;bloco23_ao_bloco24
redazione@indiegaming.it;Indie Gaming Italia;GAMES;23 anni sviluppo solitaria ecosistema multimediale gratuito;Italian — Indie game podcast;≈36K;PODCAST;@indiegamingit;INT;bloco23_ao_bloco24
recensioni@angolofantasy.it;L'Angolo Fantasy;BOOKS;Saga dark fantasy azione rapida gratis formato digitale;Italian — Fantasy book podcast;≈24K;PODCAST;@angolofantasy;INT;bloco23_ao_bloco24
info@mondoindiegiochi.it;MondoIndie Giochi;GAMES;Highlight the 23-year solo production journey of a free tactical hex-grid RPG;Italian — Independent game highlights and previews;≈22K;YOUTUBE;@MondoIndieGiochi;INT;bloco23_ao_bloco24
info@mondoindieit.it;MondoIndieIT;GAMES;Highlight the 23-year solo production journey of a free tactical hex-grid RPG;Italian — Independent game highlights and previews;≈19K;YOUTUBE;@MondoIndieIT;INT;bloco23_ao_bloco24
master@tavolodaruolo.it;Tavolo da Ruolo;GAMES;Materiale gratuito GM: fazioni lore, mappe esagoni, OST 36 brani;Italian — TTRPG podcast;≈38K;PODCAST;@tavolodaruolo;INT;bloco23_ao_bloco24
